item,n_sample_age,n_known_age,prop_known_age
ADHD,51,51,1
Adam,43,42,0.9767441860465116
Adolf,34,34,1
Adéla,49,49,1
Afghanistán,37,37,1
Afrika,51,51,1
Američan,44,44,1
Američanka,32,32,1
Antarktida,51,51,1
Argentina,33,33,1
Arktida,31,31,1
Asie,55,55,1
Austrálie,55,54,0.9818181818181818
Berlín,37,37,1
Božena,30,30,1
Bratislava,29,29,1
Brazílie,46,46,1
Brit,55,55,1
Britka,34,34,1
Brno,37,36,0.972972972972973
Brusel,44,44,1
Bělorusko,31,31,1
Chorvatsko,51,51,1
David,37,37,1
Dánsko,51,51,1
Egypt,37,37,1
Ema,32,32,1
Estonsko,36,36,1
Evropa,51,51,1
Evropan,34,34,1
Evropanka,44,44,1
Filip,51,51,1
Finsko,29,29,1
Francie,32,32,1
Francouz,37,37,1
Francouzka,32,32,1
František,35,35,1
Indie,35,35,1
Irsko,37,37,1
Irák,33,33,1
Itálie,31,31,1
Izrael,37,37,1
Jamajka,34,34,1
Japonsko,37,37,1
Jaroslava,34,34,1
Jihlava,32,32,1
Josef,29,29,1
Kanada,35,35,1
Karlovy Vary,29,29,1
Karolína,36,36,1
Katar,37,32,0.8648648648648649
Kuba,34,34,1
Kyjev,51,51,1
Leopold,51,51,1
Liberec,46,44,0.9565217391304348
Litva,36,36,1
Londýn,37,36,0.972972972972973
Lotyšsko,36,36,1
Madagaskar,51,51,1
Marta,36,36,1
Maďarsko,49,49,1
Mexiko,35,35,1
Milada,46,46,1
Morava,36,36,1
Moravan,30,30,1
Moravanka,46,46,1
Moskva,33,33,1
New York,49,49,1
Nigérie,29,29,1
Nový Zéland,34,33,0.9705882352941176
Němec,29,29,1
Německo,30,30,1
Němka,32,32,1
Olomouc,35,34,0.9714285714285714
Ostrava,31,31,1
Pardubice,37,36,0.972972972972973
Paříž,44,44,1
Peking,29,29,1
Plzeň,37,37,1
Polka,55,54,0.9818181818181818
Polsko,33,33,1
Polák,43,43,1
Praha,43,43,1
Rakousko,36,36,1
Rakušan,35,35,1
Rakušanka,30,30,1
Rudolf,31,31,1
Rumunsko,37,37,1
Rus,37,37,1
Ruska,31,31,1
Rusko,51,51,1
Saúdská Arábie,34,33,0.9705882352941176
Severní Amerika,37,37,1
Slezan,29,29,1
Slezanka,34,31,0.9117647058823529
Slezsko,51,51,1
Slovenka,36,36,1
Slovensko,36,36,1
Slovinsko,31,30,0.967741935483871
Slovák,35,35,1
Sofie,49,48,0.9795918367346939
Somálsko,35,35,1
Teodor,36,35,0.9722222222222222
Turecko,33,33,1
USA,46,46,1
Ukrajina,51,51,1
Varšava,43,42,0.9767441860465116
Vatikán,30,30,1
Velikonoce,35,35,1
Velká Británie,37,36,0.972972972972973
Vietnam,32,32,1
Viktorie,35,35,1
Vladimír,36,35,0.9722222222222222
Vánoce,30,30,1
Vídeň,37,37,1
Věra,51,51,1
Zlín,44,44,1
abstinovat,37,37,1
aerobik,36,36,1
agresivita,31,31,1
agresivní,36,36,1
aids,51,51,1
akademie,33,33,1
akné,51,51,1
aktivismus,32,32,1
aktivní,37,37,1
akupunktura,44,44,1
akutní,36,36,1
akvárium,41,41,1
akát,37,37,1
alergie,31,31,1
alkohol,33,33,1
alkoholik,37,37,1
alkoholička,44,44,1
altruismus,34,29,0.8529411764705882
altruistická,43,35,0.813953488372093
altruistický,31,27,0.8709677419354839
alzheimer,31,31,1
ambiciózní,37,37,1
ananas,38,38,1
anarchie,37,37,1
andulka,29,29,1
anděl,30,30,1
angažovaná,37,37,1
angažovaný,37,37,1
angličtina,36,36,1
angrešt,32,32,1
antikoncepce,55,55,1
antisemitismus,51,46,0.9019607843137255
apatie,44,42,0.9545454545454546
arašíd,46,46,1
archeologie,37,37,1
architekt,33,33,1
architektka,37,37,1
architektura,31,31,1
arkýř,43,24,0.5581395348837209
armáda,51,51,1
arogantní,31,31,1
artróza,36,36,1
asertivní,36,36,1
asexuál,29,29,1
asexuálka,31,31,1
asistent,44,44,1
asistentka,46,46,1
astronaut,46,46,1
astronautka,35,35,1
astronomie,43,43,1
ateismus,36,36,1
ateista,51,51,1
ateistka,31,31,1
atlet,31,31,1
atletika,43,42,0.9767441860465116
atletka,37,37,1
atomovka,37,37,1
aulek,51,6,0.11764705882352941
autismus,36,36,1
auto,73,73,1
autobus,77,77,1
automechanik,36,36,1
automechanička,29,29,1
autor,36,36,1
autorita,37,37,1
autoritářská,44,44,1
autoritářský,37,37,1
autorka,37,37,1
autíčko,33,33,1
avokádo,70,70,1
azyl,36,36,1
azylant,44,42,0.9545454545454546
azylantka,37,37,1
babička,51,51,1
badatel,51,51,1
badatelka,43,43,1
bageta,75,75,1
balet,35,35,1
baletka,39,39,1
balkon,39,39,1
balónek,41,41,1
bambus,32,32,1
banka,51,51,1
banán,39,39,1
bar,51,51,1
baret,37,37,1
barevná,51,51,1
barevný,31,31,1
barman,51,51,1
barmanka,43,43,1
baroko,37,37,1
barva,31,31,1
basketbal,51,51,1
basketbalista,36,36,1
basketbalistka,31,31,1
baterie,39,39,1
batole,37,37,1
bavit,37,37,1
bazén,39,39,1
bedla,30,28,0.9333333333333333
beletrie,37,36,0.972972972972973
berle,38,38,1
bezdomovec,46,46,1
bezdomovkyně,36,36,1
bezohledná,36,36,1
bezohledný,35,35,1
bezpečná,37,37,1
bezpečný,36,36,1
beďar,29,29,1
bible,68,68,1
bicí,42,42,1
bilingvní,37,36,0.972972972972973
biolog,33,33,1
biologie,49,49,1
bioložka,51,51,1
bisexuál,37,37,1
bisexuálka,49,49,1
blbec,29,29,1
blbka,33,33,1
blbost,31,31,1
blbá,32,32,1
blbý,43,42,0.9767441860465116
blesk,39,39,1
blog,37,37,1
blonďatá,37,37,1
blonďatý,36,36,1
bloudit,46,46,1
bludiště,38,38,1
blůza,51,51,1
bodnout,31,31,1
bohatá,33,33,1
bohatý,32,32,1
bohyně,44,44,1
bojovat,51,51,1
bojovná,51,51,1
bojovný,29,29,1
bolest,36,36,1
bolet,36,36,1
bomba,38,38,1
bonbon,39,39,1
borovice,32,32,1
bostěr,35,3,0.08571428571428572
bota,70,70,1
bouchnout,36,36,1
boxer,70,70,1
boxerka,30,30,1
brada,75,75,1
bradavka,39,39,1
brambora,69,69,1
bramborák,49,49,1
branka,39,39,1
brankář,34,34,1
brankářka,34,34,1
bratr,32,32,1
bratranec,32,32,1
breakdance,51,51,1
brečet,30,30,1
broklyně,44,8,0.18181818181818182
brokolice,39,39,1
bronzová,37,37,1
bronzový,31,31,1
broskev,39,39,1
broskvoň,34,33,0.9705882352941176
bruslit,43,42,0.9767441860465116
brutální,30,30,1
brzká,37,36,0.972972972972973
brzký,37,37,1
brácha,37,37,1
bránit,31,31,1
brát,51,51,1
brýlatá,51,51,1
brýlatý,44,44,1
brýle,42,42,1
buben,38,38,1
buchta,36,36,1
buddhismus,32,32,1
buddhista,55,55,1
buddhistka,46,46,1
budík,33,33,1
buk,30,30,1
bulta,32,4,0.125
bulvární,34,34,1
bumerang,41,41,1
bunda,37,37,1
burza,51,51,1
buřt,44,44,1
bydlet,43,42,0.9767441860465116
byznys,31,31,1
báseň,37,37,1
básník,30,30,1
básnířka,37,37,1
bát se,35,35,1
bázlivost,34,33,0.9705882352941176
béžová,32,32,1
béžový,43,42,0.9767441860465116
bílá,44,44,1
bílý,37,37,1
býk,75,75,1
býložravec,49,49,1
být,36,36,1
běhat,43,43,1
běženec,29,28,0.9655172413793104
běženkyně,37,37,1
běžet,49,49,1
běžkování,31,31,1
břicho,34,34,1
bříza,46,46,1
bůh,37,37,1
celebrita,51,51,1
celer,34,34,1
centralismus,43,40,0.9302325581395349
centrum,31,31,1
cesta,37,37,1
chalupa,55,55,1
chameleon,42,42,1
chamtivost,51,51,1
chaotická,30,30,1
chaotický,36,36,1
chat,31,31,1
chata,33,33,1
chatovat,46,46,1
chcát,46,46,1
chemie,37,37,1
chilli,34,34,1
chipsy,51,51,1
chirurg,37,37,1
chirurgyně,34,33,0.9705882352941176
chladná,35,35,1
chladný,33,33,1
chlastat,32,32,1
chleba,36,36,1
chlup,37,37,1
chlupatá,51,51,1
chlupatý,44,44,1
chobotnice,30,30,1
chodidlo,75,75,1
chodit,33,33,1
cholerická,37,37,1
cholerický,31,31,1
chopatá,37,3,0.08108108108108109
choreograf,37,37,1
choreografka,49,49,1
choť,33,33,1
chroplas,234,37,0.1581196581196581
chryzantéma,29,29,1
chrám,43,43,1
chránit,36,36,1
chtít,46,46,1
chudá,43,43,1
chudý,32,32,1
chutnat,32,32,1
chutná,31,31,1
chutný,30,30,1
chuť,36,36,1
chybět,33,33,1
chytrá,43,43,1
chytrý,32,32,1
chápat,34,34,1
chřest,41,41,1
chřipka,32,32,1
ciblamná,37,4,0.10810810810810811
cibule,39,39,1
cigareta,74,74,1
cirkus,29,29,1
citlivá,37,37,1
citlivý,51,51,1
citron,41,41,1
civilizace,44,44,1
cizinec,36,36,1
cizinka,33,33,1
cizí,34,33,0.9705882352941176
cola,51,51,1
country,43,43,1
coura,51,51,1
covid,55,55,1
ctnost,32,32,1
cukr,55,55,1
cukrář,33,33,1
cukrářka,51,51,1
cvičit,37,37,1
cyklista,51,51,1
cyklistka,31,31,1
cédéčko,46,46,1
církev,37,37,1
císařství,37,37,1
cítit,32,32,1
dabing,44,44,1
dahela,34,2,0.058823529411764705
dalekohled,38,38,1
darebačka,33,33,1
darebák,29,29,1
daň,44,44,1
dcera,33,33,1
dealer,34,34,1
dealerka,55,55,1
dealovat,35,35,1
debil,31,31,1
debilka,34,34,1
debilní,51,51,1
dechovka,35,35,1
defenzivní,35,34,0.9714285714285714
degustovat,31,31,1
delfín,38,38,1
delnit,37,9,0.24324324324324326
demence,37,37,1
demokracie,37,37,1
demonstrant,43,43,1
demonstrantka,36,36,1
demonstrovat,51,51,1
deodorant,37,37,1
depilátor,31,29,0.9354838709677419
deprese,32,32,1
depresivní,46,46,1
despotická,30,29,0.9666666666666667
despotický,34,33,0.9705882352941176
detektivka,37,37,1
deviace,55,50,0.9090909090909091
dezert,46,46,1
deštník,42,42,1
diamant,41,41,1
dieta,32,32,1
digitální,33,33,1
diktatura,33,33,1
dinosaurus,39,39,1
diplomat,37,37,1
diplomatka,43,43,1
dirigent,55,55,1
dirigentka,46,46,1
disketa,44,41,0.9318181818181818
diskont,51,36,0.7058823529411765
diskotéka,37,37,1
divadlo,37,37,1
divoká,37,36,0.972972972972973
divoký,35,35,1
dlaň,33,33,1
dlevo,32,3,0.09375
dlouhá,37,37,1
dlouhý,36,36,1
dluh,33,33,1
dobrotivá,43,43,1
dobrotivý,44,44,1
dobrovolná,31,31,1
dobrovolný,37,37,1
dobročinnost,37,37,1
dobrá,32,32,1
dobrý,31,31,1
dobyvatel,34,34,1
dobyvatelka,51,51,1
dochvilná,29,29,1
dochvilný,55,55,1
doktor,87,87,1
doktorka,36,36,1
dokázat,34,34,1
dolní,37,37,1
dominantní,43,43,1
domino,41,41,1
domácí,51,51,1
dort,35,35,1
dospívání,44,44,1
dospělost,51,51,1
dospělá,37,37,1
dospělý,36,36,1
dostilák,46,3,0.06521739130434782
dosáhnout,46,46,1
dotknout se,36,36,1
doufat,35,35,1
dovolit,43,42,0.9767441860465116
dozorce,55,55,1
dozorkyně,46,46,1
dočola,43,3,0.06976744186046512
drahá,49,49,1
drahý,37,37,1
drak,41,41,1
dres,43,42,0.9767441860465116
droga,33,33,1
dron,32,32,1
droždí,51,51,1
družná,46,46,1
družný,30,30,1
drzá,34,34,1
drzý,43,43,1
drůbeží,34,33,0.9705882352941176
držka,32,31,0.96875
dub,37,37,1
duch,39,39,1
dudlík,39,39,1
dudy,38,38,1
dupačky,36,36,1
duše,30,30,1
dveře,42,42,1
dylina,33,32,0.9696969696969697
dynamit,42,42,1
dárek,38,38,1
dát,36,36,1
dávat,55,55,1
démon,34,33,0.9705882352941176
déšť,68,68,1
dítě,78,78,1
dívat se,51,51,1
dýchat,34,34,1
dým,43,42,0.9767441860465116
dýmka,41,41,1
dýně,41,41,1
děda,44,44,1
dějepis,31,31,1
děkovat,46,46,1
dělat,51,51,1
dělo,82,81,0.9878048780487805
děloha,33,33,1
děs,55,55,1
dětská,35,35,1
dětský,37,37,1
dětství,37,37,1
dřevo,36,36,1
dřevěná,30,30,1
dřevěný,36,36,1
dřez,36,36,1
důchod,1242,1242,1
dům,73,73,1
důvěryhodná,36,36,1
důvěryhodný,35,35,1
e-mail,36,36,1
efektivní,51,51,1
ekolog,51,51,1
ekologie,33,33,1
ekoložka,44,44,1
ekonom,37,37,1
ekonomie,36,36,1
ekonomika,51,51,1
ekonomka,29,29,1
elektrikář,36,36,1
elektrikářka,37,37,1
elektrárna,32,32,1
elektřina,32,32,1
elf,34,34,1
elfka,31,31,1
emancipace,31,31,1
emigrace,55,55,1
emigrant,34,34,1
emigrantka,37,37,1
empatická,36,36,1
empatický,34,34,1
environmentalismus,33,33,1
epidemie,31,31,1
epos,43,42,0.9767441860465116
erotika,37,37,1
espresso,37,37,1
estrogen,34,34,1
evoluce,32,32,1
exekutor,34,34,1
exekutorka,32,32,1
exil,55,55,1
existovat,49,49,1
exotika,32,32,1
extrovertní,37,37,1
extrémní,36,36,1
extáze,51,51,1
falešná,37,37,1
falešný,36,36,1
fanatická,49,49,1
fanatický,37,37,1
fanoušek,33,33,1
fanynka,43,43,1
farma,42,42,1
farmář,29,29,1
farmářka,51,51,1
fastfood,34,34,1
fax,31,29,0.9354838709677419
fašizmus,33,33,1
federalismus,51,50,0.9803921568627451
feminismus,51,51,1
fetovat,31,31,1
feťačka,34,34,1
feťák,30,30,1
fialová,36,36,1
fialový,51,51,1
filantrop,31,27,0.8709677419354839
filantropka,33,31,0.9393939393939394
filet,31,30,0.967741935483871
film,36,36,1
filosofie,37,37,1
filozofie,33,33,1
firma,32,32,1
flashdisk,43,42,0.9767441860465116
flept,36,5,0.1388888888888889
florbal,36,36,1
flétna,42,42,1
folklor,31,31,1
formule,49,49,1
fotbal,55,55,1
fotbalista,36,36,1
fotbalistka,34,34,1
fotograf,33,33,1
fotografka,34,34,1
foukat,51,50,0.9803921568627451
foukos,36,5,0.1388888888888889
frak,36,36,1
francouzština,43,42,0.9767441860465116
frustrace,49,49,1
frustrovaná,34,34,1
frustrovaný,43,42,0.9767441860465116
fungovat,51,51,1
fungující,49,49,1
fyzika,29,29,1
fádní,36,34,0.9444444444444444
fén,49,49,1
fík,39,39,1
galerie,51,51,1
garáž,36,36,1
gauč,42,42,1
gay,34,34,1
gender,49,49,1
gerbera,31,27,0.8709677419354839
globální,34,33,0.9705882352941176
golf,34,34,1
gorila,90,90,1
gotika,36,36,1
gramofon,33,33,1
granát,34,34,1
granátové jablko,39,39,1
grilovat,33,33,1
guma,39,39,1
guru,44,44,1
guvernér,35,35,1
guvernérka,44,44,1
gymnasta,35,35,1
gymnastika,36,36,1
gymnastka,51,51,1
gymnázium,34,34,1
gynekolog,37,37,1
gynekoložka,33,33,1
gól,44,44,1
hackovat,36,36,1
had,70,70,1
hadice,38,38,1
hadr,37,37,1
halušky,51,51,1
hamburger,74,74,1
hardware,32,32,1
harfa,42,42,1
harmonika,38,38,1
hasicí přístroj,39,39,1
hasič,71,71,1
hasička,37,37,1
helma,42,42,1
herna,33,33,1
heroin,51,51,1
hever,34,34,1
hezká,55,55,1
hezký,37,37,1
hinduismus,43,42,0.9767441860465116
hinduista,51,51,1
hinduistka,34,34,1
historická,33,33,1
historický,49,48,0.9795918367346939
historik,43,43,1
historička,36,36,1
hladká,51,51,1
hladký,44,44,1
hladová,37,37,1
hladový,37,37,1
hlasitá,37,37,1
hlasitý,36,36,1
hlava,34,34,1
hledat,43,43,1
hliněná,36,35,0.9722222222222222
hliněný,37,37,1
hloud,35,4,0.11428571428571428
hloupost,34,34,1
hloupá,43,42,0.9767441860465116
hloupý,31,31,1
hluboká,34,33,0.9705882352941176
hluboký,43,42,0.9767441860465116
hluchá,29,29,1
hluchý,55,55,1
hlupačka,36,36,1
hlupák,36,36,1
hlást,37,8,0.21621621621621623
hmyz,44,44,1
hnisat,36,36,1
hnáta,36,36,1
hnědovlasá,32,32,1
hnědovlasý,51,51,1
hnědá,51,51,1
hnědý,29,29,1
hněv,30,30,1
hodinky,94,94,1
hodná,33,33,1
hodný,31,31,1
hojit,37,37,1
hokej,55,55,1
holinky,49,49,1
holič,34,34,1
holička,36,36,1
holka,37,37,1
holubinka,44,38,0.8636363636363636
homofobie,32,32,1
homosexuál,30,30,1
hora,77,77,1
hornice,37,31,0.8378378378378378
horní,43,42,0.9767441860465116
horník,36,36,1
horolezení,43,42,0.9767441860465116
horor,44,43,0.9772727272727273
hosný,49,9,0.1836734693877551
hospoda,31,31,1
hospodář,37,37,1
hospodářka,43,43,1
hostinská,51,51,1
hostinský,37,37,1
houba,90,90,1
houpačka,46,46,1
housenka,38,38,1
houska,32,32,1
housle,38,38,1
housnit,37,7,0.1891891891891892
hovaný,49,7,0.14285714285714285
hovno,36,36,1
hovořit,31,31,1
hovězí,30,30,1
hořet,32,32,1
hořká,35,35,1
hořký,32,32,1
hořčice,36,36,1
hra,32,32,1
hrabě,51,51,1
hraběnka,51,51,1
hrad,39,39,1
hranatá,37,36,0.972972972972973
hranatý,31,31,1
hranice,30,30,1
hranolky,32,32,1
hračka,30,30,1
hrbatá,31,31,1
hrbatý,55,55,1
hrnec,39,39,1
hroch,39,39,1
hrozit,34,34,1
hrubá,49,49,1
hrubý,37,37,1
hruď,46,46,1
hruška,42,41,0.9761904761904762
hrábě,46,46,1
hrásní,31,2,0.06451612903225806
hrát,36,36,1
hráznout,55,8,0.14545454545454545
huba,55,54,0.9818181818181818
hubená,51,51,1
hubený,44,44,1
hudba,36,36,1
hudebka,37,37,1
hulit,37,37,1
hulábová,36,3,0.08333333333333333
hurikán,51,51,1
hustá,51,51,1
hustý,44,44,1
hvězda,85,85,1
hyperaktivita,44,44,1
hypotéka,55,55,1
hysterická,55,55,1
hysterický,37,37,1
hysterie,31,31,1
házet,46,46,1
hřbitov,39,39,1
hřeben,82,82,1
hřešit,43,43,1
hřib,49,49,1
hřích,37,37,1
hůl,73,73,1
ideologie,33,33,1
idiot,51,51,1
idiotka,43,42,0.9767441860465116
idol,37,37,1
ignorovat,31,31,1
imigrace,51,51,1
imigrant,43,43,1
imigrantka,46,46,1
imperialismus,33,33,1
impotence,37,35,0.9459459459459459
imám,31,11,0.3548387096774194
individualismus,35,35,1
indián,42,42,1
infarkt,32,32,1
infekce,29,29,1
informatika,32,32,1
informovat,36,36,1
injekce,39,39,1
inovativní,31,31,1
inspektor,36,36,1
inspektorka,30,30,1
inspirativní,44,44,1
instalatér,73,73,1
instalatérka,43,43,1
inteligentní,37,37,1
internet,44,44,1
introvertní,33,33,1
invalidní,29,29,1
inženýr,31,31,1
inženýrka,37,37,1
islám,51,51,1
jablko,71,71,1
jabloň,33,33,1
jahoda,94,94,1
jaro,37,37,1
javor,36,36,1
jazyk,76,76,1
jazz,37,37,1
jebat,32,32,1
jedle,51,51,1
jedna,51,51,1
jednat,37,37,1
jednoduchá,44,44,1
jednoduchý,32,32,1
jednorožec,49,49,1
jednoznačná,36,36,1
jednoznačný,51,51,1
jedovatá,43,42,0.9767441860465116
jedovatý,36,36,1
jehla,71,71,1
jehličnan,37,36,0.972972972972973
jehněčí,29,29,1
jelen,78,78,1
jemná,33,33,1
jemný,49,49,1
jeptiška,43,43,1
jeskyně,36,36,1
jet,31,31,1
jetel,36,36,1
jezero,78,78,1
jeřábnice,51,44,0.8627450980392157
jeřábník,33,32,0.9696969696969697
ještěrka,41,41,1
ježek,39,39,1
ježíšek,32,32,1
jistota,43,43,1
jitrocel,49,49,1
jizva,38,38,1
jméno,35,35,1
jogurt,43,43,1
johařit,29,3,0.10344827586206896
joint,29,29,1
judaismus,36,36,1
jásat,32,32,1
játra,32,32,1
jídlo,37,37,1
jíst,33,33,1
jít,36,36,1
jóga,36,36,1
kabelka,75,75,1
kabriolet,43,42,0.9767441860465116
kabát,39,39,1
kachna,42,42,1
kadeřnice,44,44,1
kadeřník,78,78,1
kakat,35,35,1
kaktus,92,92,1
kalendář,38,38,1
kalhotky,85,85,1
kalhoty,76,76,1
kalkulačka,89,89,1
kamarád,34,34,1
kamarádka,51,51,1
kandidovat,51,51,1
kapela,36,36,1
kapitalismus,36,36,1
kapr,55,55,1
kapradí,49,49,1
kapsa,39,39,1
karafiát,35,35,1
karate,37,37,1
karavan,38,38,1
katolička,37,37,1
katolík,49,49,1
kaviár,30,30,1
kavárna,33,33,1
kazatel,31,31,1
kazatelka,32,32,1
kazeta,43,43,1
keplot,46,10,0.21739130434782608
kečup,33,33,1
kino,37,37,1
kiwi,94,94,1
kladivo,38,38,1
klaun,42,42,1
klavír,38,38,1
klec,39,39,1
klid,32,32,1
klidná,37,37,1
klidný,37,37,1
klimbíř,36,9,0.25
klitoris,34,33,0.9705882352941176
klobouk,76,76,1
klobása,42,42,1
klokan,89,89,1
kloub,36,36,1
kloudín,30,3,0.1
klout,51,8,0.1568627450980392
klovní,34,4,0.11764705882352941
kluk,77,77,1
klávesnice,39,39,1
klášter,37,37,1
klín,51,51,1
klíč,38,38,1
klíčová dírka,39,39,1
klíště,29,29,1
knedlík,43,43,1
kniha,41,41,1
knihovna,29,29,1
knihovnice,37,37,1
knihovník,55,55,1
knoflík,41,41,1
knír,88,88,1
kníže,37,37,1
knížka,37,37,1
kněz,43,43,1
kněžka,51,49,0.9607843137254902
kněžna,31,31,1
koala,41,41,1
koberec,41,41,1
kofein,31,31,1
kohout,36,36,1
kohoutek,41,41,1
kokain,37,37,1
kokos,39,39,1
kolega,33,33,1
kolegyně,36,36,1
koleno,79,79,1
kolent,51,8,0.1568627450980392
kolečko,39,39,1
kolo,88,88,1
koloběžka,36,36,1
kolonialismus,37,37,1
kolonie,36,36,1
koláč,43,43,1
kolíček,42,42,1
komedie,35,35,1
komerční,31,31,1
kompas,38,38,1
kompostér,51,50,0.9803921568627451
kompresor,37,36,0.972972972972973
komunikovat,43,43,1
komunismus,51,50,0.9803921568627451
komunita,46,46,1
komár,36,36,1
komín,31,31,1
koncert,34,34,1
kondom,85,85,1
konev,36,36,1
konverzovat,43,43,1
konvice,38,38,1
konzervatismus,37,37,1
konzervativní,31,31,1
kopat,51,51,1
kopačka,34,34,1
kopec,51,51,1
kopí,42,42,1
kopěná,37,3,0.08108108108108109
kopěství,232,29,0.125
korektnost,33,33,1
koriandr,49,48,0.9795918367346939
korolně,37,2,0.05405405405405406
koruna,38,38,1
korupce,31,31,1
korán,33,32,0.9696969696969697
kosa,49,49,1
kosatka,51,51,1
kosmetik,55,55,1
kosmetička,36,36,1
kosmonaut,42,42,1
kost,87,87,1
kostel,74,74,1
kostka,42,42,1
kostra,41,41,1
kostýmek,51,51,1
kotník,42,42,1
kotva,39,39,1
koule,49,49,1
koupelna,31,31,1
koupit,36,36,1
kousat,31,31,1
kouř,51,51,1
kouřit,34,34,1
kovboj,39,39,1
kovář,31,31,1
kovářka,43,43,1
koza,73,72,0.9863013698630136
kozy,32,32,1
kočka,75,75,1
kořen,31,31,1
kořeny,41,41,1
koš,38,38,1
košile,90,90,1
koště,42,42,1
košík,42,42,1
krab,41,41,1
krabice,38,38,1
kraj,37,36,0.972972972972973
krajní,51,51,1
krasobruslař,55,55,1
krasobruslařka,36,36,1
krasobruslení,43,43,1
kravata,41,41,1
kraťasy,32,32,1
krb,29,29,1
kremace,34,33,0.9705882352941176
kretén,37,37,1
kreténka,46,36,0.782608695652174
krev,30,30,1
kriminálnice,31,31,1
kriminálník,43,43,1
krize,43,43,1
krk,37,37,1
krkat,32,32,1
krocan,39,39,1
krokodýl,42,42,1
krosaný,49,6,0.12244897959183673
krtek,31,31,1
kruh,69,69,1
krutá,32,32,1
krutý,51,51,1
kružítko,81,81,1
krychle,73,73,1
krysa,42,42,1
krájet,36,36,1
král,67,67,1
královna,96,96,1
království,46,46,1
králík,94,94,1
krást,51,51,1
kráta,43,5,0.11627906976744186
krátká,29,29,1
krátký,55,55,1
kráva,79,79,1
krůně,44,8,0.18181818181818182
ksicht,43,42,0.9767441860465116
kubézní,34,2,0.058823529411764705
kuchat,32,32,1
kuchař,37,37,1
kuchařka,37,37,1
kuchyň,72,72,1
kudar,30,2,0.06666666666666667
kukuřice,41,41,1
kulatá,32,32,1
kulatý,34,33,0.9705882352941176
kuleba,32,3,0.09375
kulečník,42,42,1
kultura,34,34,1
kumporní,31,0,0
kunda,37,37,1
kurva,33,33,1
kurátor,51,48,0.9411764705882353
kurátorka,37,37,1
kutit,37,36,0.972972972972973
kuzlavá,36,5,0.1388888888888889
kuře,39,39,1
kuželka,39,39,1
kvádr,32,32,1
kvést,37,37,1
květ,94,94,1
květina,70,70,1
květinář,36,36,1
květinářka,33,33,1
květák,39,39,1
kyselá,51,51,1
kyselý,44,44,1
kytara,41,41,1
kytarista,34,34,1
kytaristka,33,32,0.9696969696969697
kámen,33,33,1
káva,78,78,1
kázat,51,51,1
křehká,51,51,1
křehký,37,37,1
křesťan,51,51,1
křesťanka,31,31,1
křeček,36,36,1
křeštanství,37,37,1
křivá,34,33,0.9705882352941176
křivý,43,42,0.9767441860465116
křičet,31,31,1
křídlo,75,75,1
kšandy,38,38,1
kšiltovka,51,51,1
kůra,51,51,1
kůň,71,71,1
kůže,51,51,1
laboratoř,39,39,1
labuť,38,38,1
lahev,42,42,1
lahodná,43,43,1
lahodný,33,33,1
lajkovat,35,35,1
lakomá,32,32,1
lakomý,51,51,1
lama,39,39,1
lampa,39,39,1
lanovka,44,44,1
lapatá,37,7,0.1891891891891892
lavička,42,42,1
laň,29,29,1
lebka,49,49,1
led,30,30,1
ledabylá,37,36,0.972972972972973
ledabylý,33,32,0.9696969696969697
lednice,38,38,1
ledovec,42,42,1
ledvina,34,34,1
legrační,30,30,1
legíny,51,51,1
lehká,43,43,1
lehký,33,33,1
les,75,75,1
lesba,46,46,1
letadlo,74,74,1
letiště,42,42,1
letět,36,36,1
leukémie,31,31,1
lev,75,75,1
levice,51,51,1
levná,49,49,1
levný,37,37,1
ležet,34,34,1
lhostejnost,37,37,1
liberalismus,37,37,1
liberální,33,33,1
libuně,44,9,0.20454545454545456
lidová,36,36,1
lidový,34,34,1
lidská,36,36,1
lidský,34,33,0.9705882352941176
lilek,76,76,1
lilie,34,33,0.9705882352941176
limonáda,43,43,1
limuzína,73,72,0.9863013698630136
lingvistika,34,34,1
list,74,74,1
listnáč,49,45,0.9183673469387755
literatura,36,36,1
livenná,37,6,0.16216216216216217
liška,78,78,1
lodičky,44,44,1
logická,32,32,1
logický,33,33,1
loket,70,70,1
lonivý,33,12,0.36363636363636365
lopata,38,38,1
lotr,31,31,1
lotryně,33,32,0.9696969696969697
loubá,37,4,0.10810810810810811
louka,46,46,1
loupat,36,36,1
loutka,93,93,1
louže,42,42,1
lovec,85,85,1
lovit,51,51,1
lovkyně,34,34,1
loď,36,36,1
loďka,41,41,1
ložnice,44,44,1
lstivá,34,34,1
lstivý,43,42,0.9767441860465116
lubání,33,6,0.18181818181818182
luk,78,78,1
lump,51,51,1
luxovat,49,49,1
lvice,37,37,1
lysá,46,45,0.9782608695652174
lysý,30,30,1
lákavá,46,46,1
lákavý,30,30,1
láska,36,36,1
láskyplná,44,44,1
láskyplný,32,32,1
lék,31,31,1
lékař,41,41,1
lékařství,33,33,1
lékárna,38,38,1
léto,51,51,1
léčba,37,37,1
léčit,37,37,1
líbit se,43,42,0.9767441860465116
líbánky,31,31,1
líná,44,44,1
líný,32,32,1
lípa,37,37,1
lítost,51,51,1
lživá,43,42,0.9767441860465116
lživý,34,34,1
lžička,39,39,1
lžíce,36,36,1
magistrát,43,43,1
magnet,42,42,1
magnetofon,51,51,1
majoránka,33,33,1
maják,38,38,1
make-up,37,37,1
makléř,37,37,1
makléřka,33,33,1
makrobiotik,46,40,0.8695652173913043
makrobiotička,34,32,0.9411764705882353
malovat,51,51,1
malá,44,44,1
malárie,30,30,1
malíř,39,39,1
malý,37,37,1
mamlas,36,36,1
manažer,49,49,1
manažerka,33,33,1
manikér,32,32,1
manikérka,37,37,1
manšestráky,37,37,1
manžel,37,37,1
manželka,33,33,1
mapa,38,38,1
marihuana,37,37,1
marketing,36,36,1
mars,51,51,1
marxismus,43,40,0.9302325581395349
maska,39,39,1
maskér,34,34,1
maskérka,51,51,1
maso,76,76,1
masová,37,37,1
masový,36,36,1
masožravec,31,31,1
mastná,37,37,1
mastný,36,36,1
masturbace,33,33,1
masáž,46,46,1
masírovat,30,30,1
matematik,51,51,1
matematika,51,51,1
matematička,36,36,1
matka,36,36,1
maturovat,32,32,1
mazlíček,37,37,1
mazurka,37,34,0.918918918918919
mech,51,51,1
mechanik,37,37,1
mechanička,34,34,1
med,42,42,1
medaile,41,41,1
meditovat,51,51,1
medvěd,83,83,1
medvědice,32,32,1
medúza,69,69,1
melancholická,33,33,1
melancholický,36,36,1
meloun,42,42,1
menstruace,29,29,1
menšina,32,32,1
metal,34,33,0.9705882352941176
metalop,51,5,0.09803921568627451
metropole,37,37,1
mezinárodní,55,55,1
meč,82,82,1
mešita,36,36,1
migrace,37,37,1
migrant,55,54,0.9818181818181818
migrantka,43,43,1
mikina,44,44,1
mikrofon,39,39,1
mikroskop,41,41,1
miliardář,31,31,1
miliardářka,44,44,1
milionář,37,37,1
milionářka,29,29,1
milosrdná,34,33,0.9705882352941176
milosrdný,51,51,1
milovat,37,37,1
mim,41,39,0.9512195121951219
mimino,42,42,1
mince,42,42,1
ministerstvo,46,46,1
ministr,32,32,1
ministryně,30,30,1
minisukně,36,36,1
mičný,33,9,0.2727272727272727
mladá,34,34,1
mladý,43,43,1
mlaskat,31,31,1
mlha,36,36,1
mluvit,43,43,1
mládí,37,37,1
mléko,76,76,1
mlít,51,50,0.9803921568627451
mlýn,39,39,1
mlčet,32,32,1
mnich,49,49,1
mniška,37,37,1
mobil,31,31,1
mobilní,32,32,1
moct,55,54,0.9818181818181818
model,37,37,1
modelka,36,36,1
modernismus,32,32,1
moderní,51,51,1
modlit se,44,44,1
modrá,32,32,1
modrý,43,42,0.9767441860465116
modřina,37,37,1
modřín,37,37,1
mokrá,33,33,1
mokrý,37,37,1
monarchie,46,46,1
monitor,43,42,0.9767441860465116
montérky,51,51,1
mop,36,36,1
mor,29,29,1
morče,34,34,1
most,39,39,1
motor,41,41,1
motorka,33,33,1
motyka,32,32,1
motýl,42,42,1
moucha,79,78,0.9873417721518988
moudrá,34,34,1
moudrý,31,31,1
moula,37,37,1
mouska,36,4,0.1111111111111111
mozek,76,76,1
moč,37,37,1
moře,44,44,1
mořská panna,39,39,1
mrak,76,75,0.9868421052631579
mrakodrap,43,43,1
mravenec,84,84,1
mrdat,32,32,1
mrkev,85,84,0.9882352941176471
mrož,39,39,1
mrtvice,33,33,1
mrštná,49,49,1
mrštný,37,37,1
mstivá,33,33,1
mstivý,43,42,0.9767441860465116
muchomůrka,72,72,1
multikulturalismus,33,33,1
muset,51,51,1
muslim,36,36,1
muslimka,31,31,1
muzeum,32,32,1
muž,79,79,1
mužská,49,49,1
mužský,33,33,1
myslet,36,36,1
myš,39,39,1
málomluvná,51,51,1
málomluvný,29,29,1
máma,43,43,1
máslo,71,71,1
média,34,34,1
mícha,35,35,1
mír,51,51,1
mírumilovná,30,30,1
mírumilovný,31,31,1
mít,51,51,1
míč,71,71,1
móda,35,35,1
mýdlo,68,68,1
měkká,37,36,0.972972972972973
měkký,33,33,1
měnit,32,32,1
měsná,37,9,0.24324324324324326
město,76,76,1
městská,36,36,1
městský,55,55,1
městys,44,41,0.9318181818181818
měsíc,73,73,1
nabuzená,34,34,1
nabuzený,43,43,1
nabídnout,43,42,0.9767441860465116
nabíječka,32,32,1
nachlazení,46,46,1
nacionalismus,33,33,1
nacismus,36,36,1
naděje,51,51,1
nadřízená,32,32,1
nadřízený,30,30,1
nadšení,29,29,1
naivní,33,33,1
najít,33,33,1
nakupovat,33,33,1
nalíčená,32,32,1
nalíčený,33,33,1
narazit,34,34,1
narkoman,34,34,1
narkomanka,32,32,1
narkotikum,37,37,1
narodit se,36,36,1
narozeniny,32,32,1
naučit,34,34,1
navštívit,43,43,1
nebe,36,36,1
nebeská,36,36,1
nebeský,34,33,0.9705882352941176
nebezpečná,55,55,1
nebezpečný,37,37,1
necky,37,36,0.972972972972973
nedočkavá,37,37,1
nedočkavý,51,51,1
negativní,35,34,0.9714285714285714
nehet,90,90,1
nejistota,29,29,1
nekonečná,51,51,1
nekonečný,31,31,1
nemoc,29,29,1
nemocnice,30,30,1
nemocná,37,37,1
nemocný,33,33,1
nenávidět,51,51,1
nenávist,44,44,1
neohrabaná,51,51,1
neohrabaný,29,29,1
neoliberalismus,33,32,0.9696969696969697
neomarxismus,43,39,0.9069767441860465
nepřítel,37,36,0.972972972972973
nepřítelkyně,37,37,1
nervozita,51,51,1
neskara,43,6,0.13953488372093023
neslyšící,51,51,1
nesmrtelná,43,42,0.9767441860465116
nesmrtelný,32,32,1
nestranná,29,29,1
nestranný,55,55,1
neteř,35,35,1
netopýr,38,38,1
neurolog,36,36,1
neuroložka,33,33,1
neurotická,33,33,1
neurotický,49,48,0.9795918367346939
nevidomá,36,36,1
nevidomý,51,51,1
nevraživost,36,35,0.9722222222222222
nevěrná,43,43,1
nevěrný,34,34,1
nevěstinec,36,36,1
nevěřící,36,36,1
nezaměstnaná,51,51,1
nezaměstnaný,51,51,1
nezisková,36,36,1
neziskový,33,33,1
nikotin,32,32,1
noc,70,70,1
noha,68,68,1
nolní,31,1,0.03225806451612903
nos,72,72,1
nosit,30,30,1
nosorožec,41,41,1
notebook,33,33,1
noviny,75,75,1
novinář,49,49,1
novinářka,37,37,1
novověk,29,29,1
nová,32,32,1
nový,34,34,1
nuda,49,49,1
nudná,37,37,1
nudný,29,29,1
nutit,34,34,1
náboj,39,39,1
náboženská,49,49,1
náboženský,44,44,1
náboženství,55,55,1
nádherná,51,51,1
nádherný,31,31,1
náklaďák,39,39,1
náklonnost,51,51,1
námořnice,36,36,1
námořník,32,32,1
náměstek,49,49,1
náměstkyně,37,37,1
náměstí,34,34,1
nápadná,46,46,1
nápadný,30,30,1
náramek,76,76,1
národ,51,51,1
násilnice,31,31,1
násilnická,51,51,1
násilnický,37,37,1
násilník,37,37,1
násilí,51,51,1
náušnice,76,76,1
návrhář,51,51,1
návrhářka,43,43,1
nést,37,37,1
nízká,55,55,1
nízký,37,36,0.972972972972973
nýska,36,2,0.05555555555555555
němčina,35,35,1
něžná,31,31,1
něžný,55,55,1
nůž,72,72,1
nůžky,41,41,1
obchod,33,33,1
obdélník,74,74,1
objetí,41,41,1
objevit,37,37,1
oblek,46,46,1
oblesaný,33,12,0.36363636363636365
oblečení,51,51,1
obličej,41,41,1
obočí,38,38,1
obr,32,32,1
obraz,75,74,0.9866666666666667
obrna,31,31,1
obryně,36,36,1
obtěžovat,37,37,1
obyčejná,36,35,0.9722222222222222
obyčejný,37,37,1
obálka,39,39,1
obézní,36,36,1
obývák,51,51,1
oběd,46,46,1
obění,33,6,0.18181818181818182
oběť,33,33,1
ocas,34,34,1
ocenit,36,36,1
oceán,49,49,1
odbory,51,51,1
odejít,31,31,1
odlišná,34,33,0.9705882352941176
odlišný,43,42,0.9767441860465116
odmítnout,32,32,1
odmítnutí,36,36,1
odměřená,36,36,1
odměřený,51,51,1
odolná,36,36,1
odolný,51,51,1
odporná,31,31,1
odporný,46,45,0.9782608695652174
odpovědět,37,37,1
odpočívat,34,34,1
odpudivá,36,36,1
odpudivý,35,35,1
odvykat,43,42,0.9767441860465116
ofenzivní,31,31,1
oheň,77,77,1
ohleduplná,51,51,1
ohleduplný,29,29,1
oholená,31,31,1
oholený,46,46,1
ohrožená,30,30,1
ohrožený,36,36,1
okno,72,71,0.9861111111111112
oko,78,78,1
okres,33,33,1
okurka,39,39,1
olej,38,38,1
oligarchie,35,31,0.8857142857142857
oliva,39,39,1
oltář,42,42,1
olympiáda,49,49,1
omezená,55,55,1
omezený,37,37,1
omezit,44,44,1
omáčka,33,33,1
opar,37,37,1
opatrná,43,43,1
opatrný,32,32,1
opatrovnice,33,33,1
opatrovník,51,51,1
opera,43,43,1
operace,46,46,1
operovat,30,30,1
opilá,33,33,1
opilý,49,49,1
opisovat,55,55,1
opozdilá,34,34,1
opozdilý,43,43,1
opravená,36,36,1
opravený,51,51,1
opravit,30,30,1
opravář,32,32,1
opravářka,32,32,1
opuliný,31,1,0.03225806451612903
opálená,29,29,1
opálený,51,51,1
oranžová,33,33,1
oranžový,36,36,1
orat,37,37,1
orchestr,77,77,1
originální,36,36,1
ortodoxní,43,43,1
osamělost,30,30,1
osamělá,36,36,1
osamělý,34,34,1
osel,39,39,1
oslava,33,33,1
ostrov,41,41,1
ostrá,34,34,1
ostrý,37,36,0.972972972972973
osvícenství,32,32,1
osvěžující,35,35,1
otec,35,35,1
otevřená,29,29,1
otevřený,43,43,1
otevřít,43,42,0.9767441860465116
otisk prstu,39,39,1
otužilá,55,55,1
otužilý,34,34,1
otčina,33,26,0.7878787878787878
oudolňas,31,2,0.06451612903225806
ovanit,55,7,0.12727272727272726
ovce,70,70,1
ovlivňovat,29,29,1
ovládat,37,37,1
ovoce,70,70,1
očekávat,51,51,1
ošklivá,32,32,1
ošklivý,51,50,0.9803921568627451
padat,46,46,1
padák,42,42,1
palec,41,41,1
palma,32,32,1
pamatovat,31,31,1
pampeliška,33,33,1
pandemie,30,30,1
panelák,30,30,1
panenka,90,90,1
panenství,34,34,1
panictví,37,37,1
panika,36,36,1
panovat,37,37,1
papež,33,33,1
papežka,31,29,0.9354838709677419
papoušek,42,42,1
paprika,39,39,1
papír,36,36,1
paranoia,33,33,1
parfém,38,38,1
park,71,71,1
parkinson,51,50,0.9803921568627451
parlament,37,36,0.972972972972973
parník,44,44,1
partner,31,31,1
partnerka,34,34,1
paruka,42,42,1
pasivní,34,34,1
pastýř,38,38,1
pata,30,30,1
patriot,35,35,1
patriotka,49,47,0.9591836734693877
patřit,37,37,1
pavouk,87,87,1
paže,90,90,1
pedofil,34,34,1
pedofilka,51,50,0.9803921568627451
pekař,33,33,1
pekařka,36,36,1
pelikán,38,38,1
penis,37,37,1
penze,51,51,1
penál,70,70,1
peníze,46,46,1
pepř,37,37,1
periferie,37,36,0.972972972972973
perspektivní,43,43,1
persémní,34,3,0.08823529411764706
pervitin,31,31,1
pes,79,79,1
pestrá,36,36,1
pestrý,29,29,1
pevná,37,37,1
pevný,37,37,1
pečlivá,51,51,1
pečlivý,46,46,1
pečovatel,37,37,1
pečovatelka,43,43,1
piha,55,55,1
pihatá,36,36,1
pihatý,36,36,1
pila,42,42,1
pilates,37,37,1
pilot,85,85,1
pilotka,46,46,1
ping-pong,35,35,1
pingulta,36,2,0.05555555555555555
pirát,38,38,1
pistole,85,85,1
pistácie,70,70,1
pitomec,33,33,1
pitomá,43,42,0.9767441860465116
pitomý,36,36,1
pití,36,36,1
pivo,37,37,1
pizza,82,82,1
plachá,51,51,1
plachý,29,29,1
plakat,33,33,1
plastová,37,37,1
plastový,51,51,1
platan,29,26,0.896551724137931
platit,37,37,1
platná,51,51,1
platný,37,37,1
plavat,33,33,1
plavec,39,39,1
plavky,33,33,1
plavčice,36,36,1
plavčík,35,35,1
plena,39,39,1
plešatá,36,36,1
plešatý,33,33,1
plná,37,37,1
plný,51,51,1
plot,41,41,1
ploutev,41,41,1
plánovat,51,51,1
plárt,46,5,0.10869565217391304
plátěná,37,36,0.972972972972973
plátěný,36,36,1
pláštěnka,30,30,1
plášť,39,39,1
plíce,76,76,1
plínstvo,32,4,0.125
plíněný,33,13,0.3939393939393939
pochopit,35,35,1
pochoutka,51,51,1
podařit se,33,33,1
podcast,34,34,1
podměnka,34,7,0.20588235294117646
podnapilá,49,49,1
podnapilý,37,37,1
podnikání,31,31,1
podpatek,39,39,1
podporovat,29,29,1
podprsenka,70,70,1
podrout,55,8,0.14545454545454545
podviživená,33,32,0.9696969696969697
podvodná,36,36,1
podvodný,32,32,1
podvyživený,49,49,1
podvádět,51,51,1
podzim,36,36,1
podílet se,34,33,0.9705882352941176
podřízená,55,55,1
podřízený,37,37,1
poezie,49,49,1
pohorka,43,39,0.9069767441860465
pohoří,33,33,1
pohroma,43,42,0.9767441860465116
pohybovat se,32,32,1
pohádka,43,42,0.9767441860465116
pohár,39,39,1
pohřeb,34,34,1
pojeslit,29,4,0.13793103448275862
pojišťovna,34,34,1
pokladní,55,55,1
pokoj,49,49,1
pokožka,32,32,1
pokroková,33,33,1
pokrokový,46,46,1
pokusit se,36,36,1
pole,31,31,1
polibek,35,35,1
policie,37,37,1
policista,37,37,1
policistka,49,49,1
politik,33,33,1
politička,32,32,1
politologie,37,37,1
polévka,77,77,1
polština,34,34,1
pomalá,35,35,1
pomalý,33,33,1
pomeranč,51,51,1
pomlouvat,51,51,1
pomáhat,36,36,1
ponorka,93,93,1
ponožka,89,89,1
ponurost,43,42,0.9767441860465116
pop,37,37,1
popel,30,30,1
popelář,30,30,1
popelářka,31,31,1
poradit,34,33,0.9705882352941176
porno,37,37,1
posedlost,46,46,1
posilovat,46,46,1
poslanec,51,51,1
poslankyně,29,29,1
poslední,32,32,1
poslouchat,32,32,1
poslušná,55,55,1
poslušný,37,37,1
postavit,44,44,1
postel,39,39,1
postižená,51,51,1
postižený,37,37,1
postmoderna,36,36,1
potrat,36,36,1
potravina,44,44,1
potěcha,37,31,0.8378378378378378
potřebovat,31,31,1
poučovat,34,34,1
poušť,41,41,1
použít,43,42,0.9767441860465116
povinná,35,35,1
povinný,36,36,1
povodeň,43,42,0.9767441860465116
povrchní,51,51,1
povídat si,37,37,1
povídka,36,36,1
pozdní,43,42,0.9767441860465116
pozitivní,51,51,1
pozorná,51,51,1
pozorný,34,33,0.9705882352941176
pozvat,49,49,1
pozřívec,51,9,0.17647058823529413
počítat,44,44,1
počítač,91,91,1
pořádkumilovná,46,46,1
pořádkumilovný,51,51,1
pošťačka,55,55,1
pošťák,87,87,1
požitkářská,31,30,0.967741935483871
požitkářský,31,31,1
požádat,32,32,1
požár,32,32,1
prach,33,33,1
pracovat,37,37,1
pracovitá,36,36,1
pracovitý,34,34,1
prak,34,34,1
praktická,30,30,1
praktický,35,35,1
praktikovat,37,37,1
prales,49,49,1
prase,70,70,1
pravice,31,31,1
pravidlo,44,44,1
pravítko,75,75,1
pravěk,55,54,0.9818181818181818
pračka,38,38,1
prcat,37,37,1
prd,30,30,1
prdel,37,37,1
prdět,36,36,1
prevít,51,50,0.9803921568627451
prevítka,44,27,0.6136363636363636
prezident,36,36,1
prezidentka,51,51,1
primátor,34,34,1
primátorka,49,49,1
princ,31,31,1
princezna,32,32,1
procházet se,30,30,1
prodavač,33,33,1
prodavačka,51,51,1
produktivní,43,43,1
prodávat,43,43,1
programovat,30,30,1
programátor,37,37,1
programátorka,34,34,1
progresivismus,46,45,0.9782608695652174
prohlížeč,36,36,1
prohra,31,31,1
prokrastinovat,29,29,1
prolézačka,51,51,1
prosit,37,37,1
proslulá,43,42,0.9767441860465116
proslulý,43,42,0.9767441860465116
prostata,31,31,1
prostituce,31,31,1
prostitut,33,33,1
prostitutka,35,35,1
prostřední,51,51,1
protestant,33,33,1
protestantka,30,30,1
protestovat,44,44,1
provaz,70,70,1
provinční,34,32,0.9411764705882353
provělo,32,5,0.15625
prošlá,30,30,1
prošlý,34,34,1
prsa,51,51,1
prso,38,38,1
prst,36,36,1
prstýnek,46,46,1
první,46,46,1
právničina,30,30,1
právnička,31,31,1
právník,51,51,1
prázdná,46,46,1
prázdný,36,36,1
próza,43,42,0.9767441860465116
průjem,32,32,1
průmysl,29,29,1
průměrná,31,31,1
průměrný,43,43,1
průvodčí,43,43,1
pstruh,36,36,1
psycholog,31,31,1
psychologie,55,54,0.9818181818181818
psycholožka,35,35,1
psychopat,37,37,1
psychopatka,35,35,1
psát,34,34,1
pták,85,85,1
ptákovina,31,31,1
ptát se,49,49,1
punk,35,35,1
punčocha,36,36,1
pupek,31,31,1
pupík,31,31,1
pupínek,39,39,1
pusa,43,42,0.9767441860465116
puzzle,39,39,1
puč,55,50,0.9090909090909091
puška,73,73,1
puštík,43,38,0.8837209302325582
pyramida,39,39,1
pytel,38,38,1
pyšná,49,49,1
pyšný,31,31,1
pálivá,32,32,1
pálivý,51,51,1
párek,72,72,1
pásek,38,38,1
páteř,35,35,1
péct,35,35,1
péro,51,51,1
pírko,87,86,0.9885057471264368
písek,37,37,1
pískoviště,32,32,1
písnička,34,34,1
pít,37,37,1
píča,33,33,1
píčovina,36,36,1
pěst,39,39,1
předkožka,32,32,1
předkrm,51,51,1
předlavý,43,6,0.13953488372093023
předleva,32,16,0.5
předměno,51,9,0.17647058823529413
přední,34,34,1
předseda,32,32,1
předsedkyně,31,31,1
předčasná,51,51,1
předčasný,31,31,1
přehrada,43,42,0.9767441860465116
překudit,37,6,0.16216216216216217
překvapit,36,36,1
přeložená,33,33,1
přeložený,35,35,1
přemýšlet,32,32,1
přesná,31,31,1
přesnídávka,32,32,1
přesný,51,51,1
přesvědčit,44,44,1
přesvědčivá,35,35,1
přesvědčivý,36,36,1
přežít,37,37,1
přibližná,37,37,1
přibližný,33,33,1
přijmout,35,35,1
přijít,37,37,1
připravovat,31,31,1
připálit,33,33,1
přistěhovalec,51,51,1
přistěhovalkyně,37,37,1
přitažlivá,33,33,1
přitažlivý,35,35,1
přizpůsobivá,35,35,1
přizpůsobivý,30,30,1
přát,33,33,1
příbuzná,32,32,1
příbuzný,37,37,1
přímka,29,29,1
příroda,36,36,1
přírodní,37,37,1
přísná,51,51,1
přísný,37,37,1
přítel,46,46,1
přítelkyně,33,33,1
příšera,42,42,1
pštros,71,70,0.9859154929577465
půda,44,44,1
půjčka,32,32,1
působit,35,35,1
původní,49,49,1
rabín,51,48,0.9411764705882353
rabínka,37,36,0.972972972972973
racek,41,41,1
racionální,36,36,1
radikální,32,32,1
radlava,36,4,0.1111111111111111
radnice,43,43,1
radost,49,49,1
rajče,75,75,1
rak,38,38,1
raketa,68,68,1
rakev,39,39,1
rakovina,33,33,1
rameno,84,84,1
rap,55,55,1
rasismus,31,31,1
realismus,34,34,1
recepční,31,31,1
reklama,34,34,1
relaxovat,34,34,1
remíza,31,31,1
renesance,44,44,1
reportér,29,29,1
reportérka,31,31,1
republika,34,34,1
restaurace,37,37,1
revoluce,34,34,1
režisér,51,51,1
režisérka,32,32,1
riskantní,55,55,1
rituál,43,43,1
robot,42,42,1
rock,32,32,1
rodina,36,36,1
roh,70,69,0.9857142857142858
romantická,51,51,1
romantický,37,37,1
romantismus,43,43,1
román,43,42,0.9767441860465116
ropa,37,37,1
ropucha,42,42,1
rostlina,75,75,1
rovnoprávnost,37,37,1
rovnost,31,31,1
rovná,46,46,1
rovný,51,51,1
rozbitá,31,31,1
rozbitý,51,51,1
rozdrtit,33,33,1
rozdílná,37,36,0.972972972972973
rozdílný,31,31,1
rozhlas,55,55,1
rozhodná,31,31,1
rozhodný,55,55,1
rozhodovat,36,36,1
rozkoš,51,51,1
rozmazlená,51,51,1
rozmazlený,37,37,1
rozporuplná,55,55,1
rozporuplný,33,33,1
roztomilá,33,33,1
roztomilý,51,51,1
rozumět,55,55,1
rozvedená,43,43,1
rozvedený,31,31,1
rozvod,51,51,1
rozvážná,31,31,1
rozvážný,32,32,1
rty,39,39,1
rtěnka,32,32,1
rudá,37,37,1
rudý,31,31,1
ruka,78,78,1
rukavice,39,39,1
rum,35,35,1
ruční,55,55,1
ručník,38,38,1
ruština,33,33,1
ryba,85,85,1
rybář,92,92,1
rybářka,55,55,1
rychlá,36,36,1
rychlý,35,35,1
rytíř,36,36,1
rytířka,36,36,1
rádio,90,90,1
rána,42,42,1
róba,43,42,0.9767441860465116
rým,33,33,1
rýma,49,49,1
rýč,44,44,1
růže,76,76,1
růžová,36,36,1
růžový,33,33,1
sajdkára,33,28,0.8484848484848485
salám,36,36,1
salát,90,90,1
samostatnost,36,36,1
samotářská,31,30,0.967741935483871
samotářský,36,36,1
samoživitel,30,30,1
samoživitelka,32,32,1
sangvinická,46,41,0.8913043478260869
sangvinický,49,46,0.9387755102040817
sanitka,38,38,1
saponát,33,33,1
savec,31,31,1
saxofon,42,42,1
sbor,39,39,1
schizofrenie,36,36,1
schodiště,85,85,1
schovat,37,37,1
scrollovat,33,32,0.9696969696969697
sebejistota,34,34,1
sedmikráska,51,51,1
sedět,46,46,1
sekačka,70,70,1
sekera,39,39,1
selfie,37,37,1
semeno,44,44,1
senior,44,44,1
seniorka,55,55,1
senát,31,31,1
senátor,32,32,1
senátorka,49,49,1
servírovat,37,37,1
sestra,31,31,1
sestřenice,29,29,1
setkat se,49,49,1
sex,36,36,1
sexy,37,37,1
sešit,32,32,1
sešívačka,39,39,1
silnice,42,42,1
silná,51,51,1
silný,32,32,1
simivost,229,24,0.10480349344978165
single,32,32,1
sirup,31,31,1
sitcom,46,46,1
sjezdovat,36,36,1
skateboarding,37,37,1
skatle,37,6,0.16216216216216217
skener,34,34,1
skeptická,34,34,1
skeptický,43,43,1
skladatel,33,33,1
skladatelka,31,31,1
skladba,51,51,1
sklenice,39,39,1
skleník,39,39,1
skleněná,37,37,1
skleněný,37,37,1
sklep,36,36,1
skládka,31,31,1
skončit,37,37,1
skrla,34,0,0
skromná,51,51,1
skromný,32,32,1
skunk,39,39,1
skutečná,31,31,1
skutečný,51,50,0.9803921568627451
skákat,37,37,1
skřítek,43,43,1
skříň,41,41,1
slabá,36,36,1
slabý,34,34,1
sladkost,37,37,1
sladká,34,34,1
sladký,51,51,1
slaná,35,34,0.9714285714285714
slaný,34,34,1
slavit,36,36,1
slená,36,2,0.05555555555555555
slepice,76,76,1
slepá,37,37,1
slepý,55,55,1
sleva,34,34,1
slibovat,29,29,1
slivovice,34,34,1
slizká,37,37,1
slizký,44,44,1
slon,39,39,1
slopat,29,6,0.20689655172413793
sloup,39,39,1
sloužit,32,32,1
slovenština,55,54,0.9818181818181818
sloveso,32,32,1
slovo,29,29,1
slunce,93,93,1
slunečnice,73,73,1
slyšet,44,44,1
slící,34,3,0.08823529411764706
smažit,36,36,1
smetana,37,37,1
smeták,36,36,1
smradlavá,55,55,1
smradlavý,37,37,1
smrdět,51,51,1
smrk,31,31,1
smrt,32,32,1
smrtelná,37,37,1
smrtelný,44,44,1
smutek,46,46,1
smutná,44,44,1
smutný,33,33,1
smyslná,43,42,0.9767441860465116
smyslný,32,32,1
smát se,37,37,1
smích,37,37,1
snacha,51,51,1
snažit se,31,31,1
snobská,51,51,1
snobský,32,32,1
snousla,34,2,0.058823529411764705
snowboarding,31,31,1
snázice,44,10,0.22727272727272727
snášet,51,51,1
snídaně,72,72,1
sníh,75,75,1
sněmovna,36,36,1
sobecká,29,29,1
sobecký,55,55,1
socha,34,34,1
socha svobody,39,39,1
sochař,42,42,1
socialismus,43,43,1
sociologie,34,34,1
sociální síť,43,43,1
software,35,35,1
sojka,36,36,1
sonivá,36,2,0.05555555555555555
sopitý,43,8,0.18604651162790697
sopka,39,39,1
soucitná,37,37,1
soucitný,36,36,1
soud,34,33,0.9705882352941176
soudce,90,90,1
soudkyně,51,51,1
souhlasit,30,30,1
soukromá,31,31,1
soukromý,34,34,1
souložit,31,31,1
soustředit se,31,31,1
souviset,36,36,1
sova,39,39,1
spadnout,30,30,1
spalničky,37,37,1
spartakiáda,34,34,1
spisovatel,36,36,1
spisovatelka,43,43,1
spojovat,37,37,1
spokojenost,32,32,1
společenská,32,32,1
společenský,34,34,1
společnost,36,36,1
společná,51,51,1
společný,49,49,1
spolupracovat,30,30,1
spontánní,37,37,1
sport,37,37,1
sportovat,36,36,1
sporák,33,33,1
spoušť,42,42,1
spoření,43,43,1
spořitelna,43,42,0.9767441860465116
spravedlivá,31,31,1
spravedlivý,34,34,1
sprcha,42,42,1
spát,37,37,1
spíž,36,36,1
spěchat,36,36,1
sračka,43,42,0.9767441860465116
srdce,69,69,1
srna,37,37,1
srát,34,34,1
sráč,51,51,1
starat se,34,34,1
staromódní,46,46,1
starosta,37,37,1
starostka,37,37,1
starostlivá,30,30,1
starostlivý,33,33,1
starověk,30,30,1
start-up,36,35,0.9722222222222222
stará,43,43,1
starý,34,34,1
statečná,34,34,1
statečný,37,37,1
statistik,31,31,1
statistička,51,51,1
stavařství,51,51,1
stavět,31,31,1
stačit,43,43,1
steak,33,33,1
stehno,43,43,1
stejná,32,32,1
stejný,34,33,0.9705882352941176
stevard,43,43,1
stevardka,36,36,1
stihlava,43,11,0.2558139534883721
stodola,33,33,1
stolice,49,49,1
stonat,33,33,1
stopař,32,32,1
stopařka,37,37,1
strach,33,33,1
stravenka,51,51,1
strašák,42,42,1
striptér,37,37,1
striptérka,37,37,1
stroj,37,37,1
strojvedoucí,49,49,1
strojírenství,30,30,1
strom,73,72,0.9863013698630136
strýc,32,32,1
student,34,34,1
studentka,29,29,1
studna,38,38,1
studovat,55,55,1
stydět se,43,42,0.9767441860465116
stárnutí,51,51,1
stát,35,35,1
stáří,43,43,1
stín,82,81,0.9878048780487805
stěhování,44,44,1
střecha,70,70,1
střední,44,44,1
středověk,31,31,1
střevo,51,51,1
stříbrná,33,33,1
stříbrný,32,32,1
střízlivá,37,37,1
střízlivý,31,31,1
stůl,39,39,1
suchá,36,36,1
suchý,30,30,1
sukně,73,73,1
sup,41,40,0.975609756097561
supermarket,32,32,1
surrealismus,37,37,1
sushi,55,55,1
sušenka,39,39,1
sval,46,46,1
svalnatá,31,31,1
svalnatý,30,30,1
svatba,43,43,1
svatá,36,36,1
svatý,32,32,1
svetr,39,39,1
svině,33,33,1
svoboda,55,55,1
svobodná,51,51,1
svobodný,44,44,1
svíčka,38,38,1
světadíl,32,32,1
světlo,43,42,0.9767441860465116
světlá,35,35,1
světlý,33,33,1
světská,31,29,0.9354838709677419
světský,34,34,1
syfilis,44,44,1
sympatická,31,31,1
sympatický,51,51,1
syn,32,32,1
synagoga,36,35,0.9722222222222222
synovec,37,37,1
sypká,36,36,1
sypký,37,37,1
sytá,37,37,1
sytý,37,37,1
sát,49,49,1
sáňky,42,42,1
ségra,37,37,1
sídliště,33,33,1
síť,38,38,1
sójovka,32,32,1
sýr,79,79,1
sůl,73,73,1
tablet,33,33,1
tableta,55,55,1
tabule,33,33,1
tajná,31,31,1
tajný,46,46,1
talmud,30,11,0.36666666666666664
talíř,39,39,1
tampon,33,33,1
tancovat,34,34,1
tanec,37,37,1
tanečnice,36,36,1
tanečník,51,51,1
tank,39,39,1
tarantule,37,37,1
tatarka,46,45,0.9782608695652174
taxikář,30,30,1
taxikářka,36,36,1
taška,38,38,1
tchoř,31,29,0.9354838709677419
tchán,44,44,1
tchýně,36,36,1
technická,30,30,1
technický,46,46,1
technolog,43,43,1
technologie,32,32,1
technoložka,37,37,1
tekutá,37,37,1
tekutý,36,36,1
telefon,39,39,1
telenovela,34,34,1
televize,46,46,1
temná,29,29,1
temný,55,55,1
temperamentní,33,33,1
teniska,43,42,0.9767441860465116
teologie,51,50,0.9803921568627451
teoretická,36,36,1
teoretický,46,46,1
teplomilná,51,51,1
teplomilný,31,31,1
teploměr,41,41,1
teplá,32,32,1
teplý,35,35,1
tepna,37,37,1
terapie,51,51,1
terorismus,33,33,1
terorista,37,37,1
teroristka,36,36,1
teréňák,34,34,1
tesař,46,46,1
tesařka,31,31,1
testosteron,37,37,1
teta,35,35,1
tetování,39,39,1
thriller,37,37,1
tichá,32,32,1
tichý,35,35,1
tiskárna,90,90,1
tkanička,39,39,1
tlumočnice,55,55,1
tlumočník,51,51,1
tlustá,34,33,0.9705882352941176
tlustý,43,43,1
tofu,51,51,1
tolerantní,37,37,1
tontota,32,5,0.15625
topení,32,32,1
tornádo,34,33,0.9705882352941176
totalita,32,32,1
toustovač,39,39,1
toužit,30,30,1
továrna,77,77,1
trajekt,29,29,1
traktor,39,39,1
tramvaj,51,51,1
transgender,51,50,0.9803921568627451
transsexuál,32,32,1
transsexuálka,43,43,1
trapná,34,34,1
trapný,43,42,0.9767441860465116
trenér,43,43,1
trenérka,51,51,1
trenýrky,37,37,1
tričko,73,73,1
trojúhelník,42,42,1
trolejbus,33,33,1
trpaslice,43,42,0.9767441860465116
trpaslík,30,30,1
trpká,49,49,1
trpký,33,33,1
trpělivá,31,31,1
trpělivý,46,46,1
trpět,51,51,1
trumpeta,41,41,1
trvat,33,33,1
trychtýř,39,39,1
trápit,32,32,1
tráva,34,33,0.9705882352941176
trůn,41,41,1
tržnice,51,51,1
tsunami,30,30,1
tuberkulóza,55,55,1
tuleň,39,39,1
tulipán,37,37,1
tunel,38,38,1
tupá,32,32,1
tupý,36,36,1
tučná,44,44,1
tučný,32,32,1
tučňák,42,42,1
tuřín,37,37,1
tužka,84,84,1
tvaroh,51,51,1
tvořit,34,34,1
tvrdit,30,30,1
tvrdohlavá,33,33,1
tvrdohlavý,49,49,1
tvrdá,33,33,1
tvrdý,36,36,1
tweetovat,29,29,1
tygr,75,75,1
táta,51,51,1
tóra,32,26,0.8125
tělo,32,32,1
těsná,51,51,1
těsný,43,42,0.9767441860465116
těšit se,49,49,1
těžká,29,29,1
těžký,51,51,1
třešeň,38,38,1
ucho,75,75,1
udeřit,29,29,1
udržovaná,30,30,1
udržovaný,36,36,1
ufo,39,39,1
ukazováček,39,39,1
uklízet,33,33,1
uklízeč,32,32,1
uklízečka,34,34,1
ulice,33,33,1
umožnit,31,31,1
umyvadlo,42,42,1
umělec,46,46,1
umělkyně,36,36,1
umělá,36,36,1
umělý,51,51,1
umět,46,46,1
unavená,33,33,1
unavený,49,49,1
unikátní,29,29,1
univerzita,43,43,1
upovídaná,35,35,1
upovídaný,30,30,1
uprchlice,51,51,1
uprchlík,43,43,1
upřímná,32,32,1
upřímný,35,35,1
uraženost,43,43,1
urážlivá,43,43,1
urážlivý,34,34,1
usmívat se,36,36,1
ustaranost,35,35,1
utečenec,36,35,0.9722222222222222
utečenkyně,37,37,1
utkání,33,33,1
utlačovaná,34,34,1
utlačovaný,36,36,1
utéct,44,44,1
utíkat,37,37,1
uvažovat,30,30,1
uvnít,55,12,0.21818181818181817
uvolnit,55,55,1
uvázat,37,37,1
uvědomovat si,32,32,1
uzavřená,36,36,1
uzavřený,51,51,1
uzdravit se,55,55,1
uzel,41,41,1
učit,29,29,1
učitel,34,34,1
učitelka,43,43,1
učitelství,32,32,1
užívat si,55,55,1
vadit,33,33,1
vadnout,34,34,1
vagina,34,34,1
vaječníky,34,34,1
valcha,43,41,0.9534883720930233
valčík,29,29,1
vana,41,41,1
varlata,31,31,1
varovat,31,31,1
vařečka,43,43,1
vařit,33,33,1
vdaná,37,37,1
vdolek,36,36,1
vděčnost,37,37,1
vedoucí,55,55,1
vegan,55,55,1
veganka,51,51,1
vegetarián,44,44,1
vegetariánka,34,34,1
vejce,76,76,1
velbloud,42,42,1
velkoměsto,51,51,1
velká,32,32,1
velký,33,33,1
velryba,39,39,1
venkov,32,32,1
venkovská,37,37,1
venkovský,55,55,1
venuše,46,46,1
vepřové,43,43,1
verš,51,51,1
veselá,34,34,1
veselý,43,43,1
vesnice,37,36,0.972972972972973
veverka,94,94,1
večerka,37,37,1
večeře,34,34,1
veřejnoprávní,30,30,1
veřejná,29,29,1
veřejný,51,51,1
veš,37,37,1
vidle,35,35,1
vidlička,41,41,1
vidět,31,31,1
vinná,43,42,0.9767441860465116
vinný,34,34,1
viróza,35,35,1
vlajka,39,39,1
vlak,73,73,1
vlaný,43,5,0.11627906976744186
vlas,55,55,1
vlasatá,33,33,1
vlasatý,46,46,1
vlast,37,37,1
vlastenec,36,36,1
vlastenka,51,51,1
vlastní,32,32,1
vlasy,75,75,1
vlhká,32,32,1
vlhký,43,42,0.9767441860465116
vlk,39,39,1
vlna,38,38,1
vláda,35,35,1
vládnout,43,43,1
vnitřnosti,33,33,1
vnuk,37,37,1
vnučka,32,32,1
vnímat,37,37,1
vnímavá,36,36,1
vnímavý,51,51,1
voda,33,33,1
vodka,51,51,1
vojačka,36,36,1
voják,74,74,1
volant,41,41,1
volat,34,34,1
volejbal,32,32,1
volit,33,33,1
volná,34,34,1
volný,31,31,1
vonět,51,51,1
vosa,75,75,1
vousy,74,74,1
vozík,38,38,1
voňavka,36,36,1
voňavá,49,49,1
voňavý,37,37,1
vrah,51,51,1
vražedkyně,43,43,1
vrba,46,46,1
vrtačka,30,30,1
vrtulník,92,92,1
vráska,37,37,1
vrásky,41,41,1
vrátit,31,31,1
vstát,37,37,1
vtip,35,35,1
vtipná,33,33,1
vtipný,36,36,1
vugáro,51,4,0.0784313725490196
vulgární,29,29,1
vybíravá,37,37,1
vybíravý,33,33,1
vychovatel,43,43,1
vychovatelka,31,31,1
vychýlená,49,49,1
vychýlený,37,37,1
vydržet,35,35,1
vydírat,37,37,1
vyhrát,49,49,1
vyhášit,51,6,0.11764705882352941
vymyslet,51,51,1
vymyšlená,29,29,1
vymyšlený,36,36,1
vynález,31,31,1
vynálezce,33,33,1
vynálezkyně,36,36,1
vypadat,51,51,1
vypočítavá,51,50,0.9803921568627451
vypočítavý,51,51,1
vyprávět,37,37,1
vypůjčená,51,51,1
vypůjčený,37,37,1
vyrovnaná,55,55,1
vyrovnaný,29,29,1
vyrábět,37,37,1
vyrážka,43,43,1
vysoká,49,49,1
vysoký,33,33,1
vysvětlit,34,33,0.9705882352941176
vysílačka,29,29,1
vytvořit,36,36,1
vytírat,37,37,1
využít,37,37,1
vyznání,35,35,1
vyzáblá,33,33,1
vyzáblý,29,29,1
vyčpělá,35,34,0.9714285714285714
vyčpělý,37,31,0.8378378378378378
vyřešit,51,51,1
vzbudit se,44,44,1
vzdorovitá,37,36,0.972972972972973
vzdorovitý,51,51,1
vzduch,34,34,1
vzdát,37,37,1
vzdělaná,30,30,1
vzdělaný,46,46,1
vznikat,51,51,1
vzpomínat,51,51,1
vzít,29,29,1
váhavá,35,35,1
váhavý,30,30,1
váhy,42,42,1
válka,55,55,1
vánočka,51,51,1
vázat,51,51,1
vážka,38,38,1
vést,32,32,1
víceznačná,44,43,0.9772727272727273
víceznačný,37,37,1
víla,76,76,1
víno,37,37,1
vínová,46,46,1
vínový,32,32,1
víra,29,29,1
vítr,33,33,1
vítězství,49,49,1
výjimka,51,51,1
výpasil,31,6,0.1935483870967742
výstava,37,37,1
výstřední,49,49,1
výtah,39,39,1
výtvarka,34,34,1
včasná,37,37,1
včasný,33,33,1
včela,75,75,1
včera,29,29,1
věda,37,37,1
vědec,49,49,1
vědkyně,33,33,1
vědět,34,34,1
vějíř,38,38,1
věnovat,29,29,1
věrná,36,36,1
věrný,37,37,1
větev,41,41,1
větrák,41,41,1
většina,36,36,1
vězení,41,41,1
vězeň,36,36,1
vězeňkyně,51,51,1
věznice,55,55,1
věčná,30,30,1
věčný,46,46,1
věřit,33,33,1
věřící,37,37,1
věštec,51,51,1
věštkyně,35,35,1
věž,39,39,1
vřes,46,40,0.8695652173913043
všežravec,36,36,1
vůl,32,32,1
walkman,55,55,1
web,32,32,1
whisky,36,36,1
workoholismus,35,35,1
zabránit,51,51,1
zabít,46,46,1
zachránit,43,42,0.9767441860465116
zadek,43,42,0.9767441860465116
zadní,37,37,1
zahrada,30,30,1
zahradnice,36,36,1
zahradničit,33,33,1
zahradník,43,43,1
zajišťovat,33,33,1
zajímavá,51,51,1
zajímavý,36,36,1
zamilovaná,36,36,1
zamilovaný,30,30,1
zanedbaná,32,32,1
zanedbaný,37,37,1
zapalovač,41,41,1
zaplatit,32,32,1
zapoklít,51,7,0.13725490196078433
zapomenout,31,31,1
zapést,51,14,0.27450980392156865
zarostlá,43,42,0.9767441860465116
zarostlý,51,51,1
zasnoubit se,43,43,1
zasraná,51,51,1
zasraný,33,33,1
zastaralá,37,37,1
zastaralý,32,32,1
zatkýs,46,5,0.10869565217391304
zaujatost,51,51,1
zavolat,32,32,1
zavřít,55,55,1
začít,35,35,1
zažít,31,31,1
zbabělá,36,36,1
zbabělý,37,37,1
zboděno,51,6,0.11764705882352941
zbožná,36,36,1
zbožný,49,49,1
zbraň,43,43,1
zdravotnice,51,51,1
zdravotník,44,44,1
zdravá,35,35,1
zdraví,33,33,1
zdravý,36,36,1
zdvořilá,31,31,1
zdvořilý,36,36,1
zebra,39,39,1
zednice,37,36,0.972972972972973
zedník,32,32,1
zelená,37,37,1
zelený,36,36,1
zem,29,29,1
země,30,30,1
zeměpis,35,35,1
zemřít,37,37,1
zeď,39,39,1
zeť,35,35,1
zhebnout,51,51,1
zima,37,37,1
zimomřivá,43,41,0.9534883720930233
zimomřivý,32,32,1
zip,38,38,1
zisková,43,42,0.9767441860465116
ziskový,34,34,1
zjistit,36,36,1
zkažená,43,42,0.9767441860465116
zkažený,32,32,1
zklamání,49,49,1
zkorumpovaná,43,42,0.9767441860465116
zkorumpovaný,31,31,1
zkoumat,44,44,1
zkusit,43,43,1
zlato,36,36,1
zlatokop,34,34,1
zlatokopka,51,51,1
zlatá,44,44,1
zlatý,32,32,1
zlomenina,43,43,1
zlomyslná,44,44,1
zlomyslný,51,51,1
zlosyn,49,48,0.9795918367346939
zlá,33,33,1
zlý,29,29,1
zmije,32,32,1
zmizet,33,33,1
zmrd,44,44,1
zmrzlina,38,38,1
změna,49,49,1
změnit,36,36,1
znamenat,43,42,0.9767441860465116
znechucení,36,36,1
znečištění,51,51,1
zničit,37,37,1
známka,39,39,1
znásilnit,44,44,1
znásilnění,29,29,1
znát,36,36,1
zobák,41,41,1
zoufalá,44,44,1
zoufalý,51,51,1
zpovídat se,34,33,0.9705882352941176
zpívat,37,37,1
zpěvačka,43,43,1
zpěvák,76,76,1
zralá,34,34,1
zralý,43,43,1
zrcadlo,39,39,1
zrušit,55,54,0.9818181818181818
zrzavá,32,32,1
zrzavý,33,32,0.9696969696969697
ztratit,35,35,1
ztrátová,32,32,1
ztrátový,44,44,1
zub,92,92,1
zubař,76,76,1
zubařka,51,51,1
zuřivá,37,37,1
zuřivý,49,49,1
zvládnout,51,51,1
zvláštní,44,44,1
zvon,42,42,1
zvonek,38,38,1
zvracet,29,29,1
zvíře,43,42,0.9767441860465116
zvířecí,32,32,1
zvědavost,49,49,1
zábrost,35,8,0.22857142857142856
záchod,43,42,0.9767441860465116
záchranář,33,33,1
záchranářka,43,43,1
záda,84,84,1
zádran,30,1,0.03333333333333333
zákolník,235,67,0.2851063829787234
zámek,41,41,1
zánět,43,43,1
zápas,51,51,1
zápství,33,6,0.18181818181818182
zápěvný,43,11,0.2558139534883721
zásadová,33,33,1
zásadový,34,34,1
zástupce,43,43,1
zástupkyně,55,55,1
zástěra,76,76,1
závislá,33,33,1
závislý,49,49,1
závistivá,36,36,1
závistivý,37,37,1
závěs,39,39,1
zírat,33,33,1
získat,32,32,1
zúčastnit se,33,33,1
zůstávat,36,36,1
Ústí nad Labem,31,31,1
úporlivá,37,21,0.5675675675675675
úraz,51,51,1
úsečka,30,30,1
úsměv,34,33,0.9705882352941176
ústa,71,71,1
ústip,31,1,0.03225806451612903
úzkost,29,29,1
úzkostná,46,46,1
úzkostný,31,31,1
úzká,31,31,1
úzký,36,35,0.9722222222222222
účetní,29,29,1
úřad,49,49,1
úřednice,35,35,1
úředník,34,34,1
Čech,33,33,1
Čechoslovačka,32,32,1
Čechoslovák,31,30,0.967741935483871
Čechy,43,43,1
Česko,37,37,1
Československo,37,37,1
České Budějovice,37,37,1
Češka,34,34,1
Čína,51,51,1
čaj,35,35,1
čajovna,37,37,1
čaroděj,39,39,1
čarodějnice,38,38,1
časopis,44,44,1
čekat,55,55,1
čelo,31,30,0.967741935483871
čepice,36,36,1
černobílá,37,37,1
černobílý,44,44,1
černovlasá,37,37,1
černovlasý,36,36,1
černá,51,51,1
černý,31,31,1
čerstvá,30,30,1
čerstvý,29,29,1
čert,70,70,1
čertice,37,34,0.918918918918919
červ,43,42,0.9767441860465116
červenat se,36,36,1
červená,44,43,0.9772727272727273
červený,37,37,1
čestná,34,34,1
čestný,43,43,1
čeština,37,37,1
činohra,35,35,1
činžák,37,37,1
čistá,31,31,1
čistý,43,42,0.9767441860465116
člověk,49,49,1
čokoláda,78,78,1
čtverec,70,70,1
čubka,29,29,1
čuně,37,37,1
číst,49,49,1
číšník,42,42,1
čůrák,43,42,0.9767441860465116
ňadro,36,36,1
Řecko,31,30,0.967741935483871
řeka,70,70,1
řemeslnice,30,30,1
řemeslník,32,32,1
řemeslo,51,51,1
řetěz,42,42,1
řezat,46,46,1
řeznice,29,29,1
řezník,79,79,1
řešit,51,51,1
řidič,34,34,1
řidička,33,33,1
řvát,35,35,1
říct,32,32,1
řídit,29,29,1
řídká,31,31,1
řídký,51,51,1
řízek,55,55,1
říše,49,49,1
Šimon,43,42,0.9767441860465116
Španělsko,55,55,1
Švédsko,43,43,1
Švýcarsko,33,33,1
šachy,37,37,1
šampaňské,31,31,1
šampon,36,36,1
šedina,49,48,0.9795918367346939
šedá,55,55,1
šedý,30,30,1
šikmá,37,37,1
šikmý,33,33,1
šikovná,46,46,1
šikovný,29,29,1
šimpanz,38,38,1
šipka,38,38,1
široká,37,37,1
široký,51,51,1
škola,37,37,1
školka,34,34,1
školnice,49,47,0.9591836734693877
školník,31,31,1
škrábat,36,36,1
škvor,36,36,1
šlachovitá,34,34,1
šlachovitý,35,34,0.9714285714285714
šlechta,37,37,1
šlehačka,37,37,1
šnek,38,38,1
šosto,51,5,0.09803921568627451
šovat,29,2,0.06896551724137931
šovinismus,37,35,0.9459459459459459
špagety,36,36,1
špaloň,31,3,0.0967741935483871
špatná,46,46,1
špatný,36,36,1
špekatá,46,46,1
špekatý,31,31,1
šperk,36,36,1
špinavá,36,36,1
špinavý,37,37,1
špion,43,42,0.9767441860465116
špionka,51,51,1
špičatá,43,42,0.9767441860465116
špičatý,32,32,1
šplhat,51,51,1
špondový,49,11,0.22448979591836735
špunt,42,42,1
šroubovák,39,39,1
štíhlá,37,37,1
štíhlý,55,55,1
štír,41,41,1
štíslice,37,5,0.13513513513513514
štít,72,72,1
štědrá,37,37,1
štědrý,37,37,1
štěstí,55,55,1
štětec,39,39,1
šukat,49,49,1
šunka,37,37,1
šuplík,42,42,1
švagr,29,29,1
švagrová,34,34,1
šála,41,41,1
šéf,30,30,1
šéfka,32,32,1
šéfkuchař,33,33,1
šéfkuchařka,30,30,1
šílená,32,32,1
šílený,46,46,1
šít,37,37,1
šťastná,34,33,0.9705882352941176
šťastný,32,32,1
žal,43,43,1
žalud,42,42,1
žaludek,32,32,1
žebrat,43,43,1
žehlit,44,44,1
žehlička,39,39,1
žehnat,37,37,1
želva,39,39,1
žena,85,85,1
ženatý,43,43,1
ženská,34,34,1
ženský,36,36,1
žid,35,35,1
židle,39,39,1
židovka,33,33,1
žiletka,41,41,1
žirafa,73,73,1
živedo,32,4,0.125
život,32,32,1
žlutá,29,29,1
žlutý,44,44,1
žonglér,38,38,1
žoule,37,6,0.16216216216216217
žralok,84,84,1
župan,41,41,1
žába,39,39,1
žádat,49,49,1
žárlivá,51,51,1
žárlivý,32,32,1
žárovka,39,39,1
žíla,36,36,1
žít,36,36,1
žíznivá,55,55,1
žíznivý,51,51,1
